ProductName,image,link,price,maxretailprice,stars,GlobalRatings,5 star ratings,4 star ratings,3 star ratings,2 star ratings,1 star ratings,reviewsLink,packageSize,Product Benefits,Hair Type,Scent,Liquid Volume,Item Form,Brand,Number of Items,Net Quantity,Item Volume,Is Discontinued By Manufacturer,Package Dimensions,Date First Available,ASIN,Country of Origin,Item Weight,Manufacturer
"Beardo Beard Oil-Hair Wax-Face Wash Combo |Godfather Lite Beard Oil for Men, Strong Hold Hair Wax & Activated Charcoal Facewash Combo (Set of 3)",https://m.media-amazon.com/images/I/61b33xf8rBL._AC_UL320_.jpg,https://amazon.in/sspa/click?ie=UTF8&spc=MTo1ODM3MjA0ODUwOTA3Mjk6MTY4MDAwMzcwMjpzcF9hdGY6MjAwNjAzNjEwOTI3MDg6OjA6Og&url=%2FBeardo-Godfather-Lite-Beard-Oil%2Fdp%2FB07HTLX8W4%2Fref%3Dsr_1_1_sspa%3Fcrid%3D1GEOQD3CN5U5L%26keywords%3Dbeardo%26qid%3D1680003702%26sprefix%3Dbeardo%252Caps%252C228%26sr%3D8-1-spons%26sp_csd%3Dd2lkZ2V0TmFtZT1zcF9hdGY%26psc%3D1,"1,025","1,025",4.2,230,55%,21%,14%,4%,5%,https://amazon.in/Beardo-Godfather-Lite-Beard-Oil/product-reviews/B07HTLX8W4/ref=cm_cr_dp_d_show_all_btm?ie=UTF8&reviewerType=all_reviews,Not available,Nourishing,All,Activated Charcoal,30 Millilitres,Wax,BEARDO,1,1 count,30 Millilitres,No,17.7 x 15.9 x 4.8 cm; 440 Grams,28 September 2018,B07HTLX8W4,India,440 g,Not available
"Beardo Beard Activator Derma Roller for Men, 540-0.5mm Chromium needles, Stimulates Hair Growth | Follicles activation",https://m.media-amazon.com/images/I/51ErovamJyL._AC_UL320_.jpg,https://amazon.in/sspa/click?ie=UTF8&spc=MTo1ODM3MjA0ODUwOTA3Mjk6MTY4MDAwMzcwMjpzcF9hdGY6MjAwNTQwMjM0MDExOTg6OjA6Og&url=%2FBeardo-Beard-Activator-Roller-0-5MM%2Fdp%2FB08WK79P2S%2Fref%3Dsr_1_2_sspa%3Fcrid%3D1GEOQD3CN5U5L%26keywords%3Dbeardo%26qid%3D1680003702%26sprefix%3Dbeardo%252Caps%252C228%26sr%3D8-2-spons%26sp_csd%3Dd2lkZ2V0TmFtZT1zcF9hdGY%26psc%3D1,425,750,4.0,897,47%,23%,16%,5%,9%,https://amazon.in/Beardo-Beard-Activator-Roller-0-5MM/product-reviews/B08WK79P2S/ref=cm_cr_dp_d_show_all_btm?ie=UTF8&reviewerType=all_reviews,1 Count (Pack of 1),Not available,Not available,Not available,Not available,Not available,Not available,Not available,1 count,Not available,Not available,16.7 x 4.6 x 4.2 cm; 70 Grams,13 February 2021,B08WK79P2S,India,70 g,Ecomm
"Man Matters BeardGro Beard Growth Tonic for Men 30ml | 1.5% Aminexil, 4% Moringa, 4% Goksura & 2% LashLD | Thicker beard growth, Softens Beard | Naturally Sourced & Scientific-based Formula",https://m.media-amazon.com/images/I/61uhAuyvSBL._AC_UL320_.jpg,https://amazon.in/sspa/click?ie=UTF8&spc=MTo1ODM3MjA0ODUwOTA3Mjk6MTY4MDAwMzcwMjpzcF9hdGY6MjAwNDA5MTY4NTgxOTg6OjA6Og&url=%2FMan-Matters-Tonic-Stimulates-Scientific-based%2Fdp%2FB09MD6DL1V%2Fref%3Dsr_1_3_sspa%3Fcrid%3D1GEOQD3CN5U5L%26keywords%3Dbeardo%26qid%3D1680003702%26sprefix%3Dbeardo%252Caps%252C228%26sr%3D8-3-spons%26sp_csd%3Dd2lkZ2V0TmFtZT1zcF9hdGY%26psc%3D1,399,499,3.7,223,Not available,Not available,Not available,Not available,Not available,Not available,Not available,Not available,Not available,Not available,Not available,Not available,Not available,Not available,Not available,Not available,Not available,Not available,Not available,Not available,Not available,Not available,Not available
"The Man Company Beard Booster Duo | Derma Roller + Beard Oil | Activates Hair Follicles | Accelerates Beard Growth, Fuller & Thicker Beard | Improves Patchy Beard",https://m.media-amazon.com/images/I/61npDBLZLZL._AC_UL320_.jpg,https://amazon.in/sspa/click?ie=UTF8&spc=MTo1ODM3MjA0ODUwOTA3Mjk6MTY4MDAwMzcwMjpzcF9hdGY6MjAxMzM5MzgxMjU3OTg6OjA6Og&url=%2FMan-Company-Activates-Follicles-Accelerates%2Fdp%2FB09TDGCBRZ%2Fref%3Dsr_1_4_sspa%3Fcrid%3D1GEOQD3CN5U5L%26keywords%3Dbeardo%26qid%3D1680003702%26sprefix%3Dbeardo%252Caps%252C228%26sr%3D8-4-spons%26sp_csd%3Dd2lkZ2V0TmFtZT1zcF9hdGY%26psc%3D1,896,"1,149",4.1,116,Not available,Not available,Not available,Not available,Not available,Not available,Not available,Not available,Not available,Not available,Not available,Not available,Not available,Not available,Not available,Not available,Not available,Not available,Not available,Not available,Not available,Not available,Not available
"Beardo Beard & Hair Growth Oil for thicker, longer beard | For patchy, uneven beard | Beard Oil for fast beard growth | Natural Hair Oil 50ml",https://m.media-amazon.com/images/I/61FIk2+alhL._AC_UL320_.jpg,https://amazon.in/Beardo-Beard-Hair-Growth-Oil/dp/B01C8FM764/ref=sr_1_5?crid=1GEOQD3CN5U5L&keywords=beardo&qid=1680003702&sprefix=beardo%2Caps%2C228&sr=8-5,510,750,3.7,"25,707",Not available,Not available,Not available,Not available,Not available,Not available,Not available,Not available,Not available,Not available,Not available,Not available,Not available,Not available,Not available,Not available,Not available,Not available,Not available,Not available,Not available,Not available,Not available
"Beardo Hair Serum, 50ml | Daily use hair serum for men with Argan Oil | Provides instant shine | Controls Frizz | Makes hair silky smooth| For All Hair Types | Paraben Free | Sulphate Free",https://m.media-amazon.com/images/I/51IyV-DTlJL._AC_UL320_.jpg,https://amazon.in/Beardo-Hair-Serum-Argan-Oil/dp/B01E1BYWJI/ref=sr_1_6?crid=1GEOQD3CN5U5L&keywords=beardo&qid=1680003702&sprefix=beardo%2Caps%2C228&sr=8-6,206,295,3.9,"7,247",Not available,Not available,Not available,Not available,Not available,Not available,Not available,Not available,Not available,Not available,Not available,Not available,Not available,Not available,Not available,Not available,Not available,Not available,Not available,Not available,Not available,Not available,Not available
Beardo Ultraglow All In One Face Cream For Men With Spf 30 | Skin Brightening & Whitening Cream | Pigmentation Removal Cream | De Tan For Men | 60 G,https://m.media-amazon.com/images/I/51EtT0mMJ4L._AC_UL320_.jpg,https://amazon.in/Beardo-Ultraglow-Brightening-Reduction-Protection/dp/B09MJ3936B/ref=sr_1_7?crid=1GEOQD3CN5U5L&keywords=beardo&qid=1680003702&sprefix=beardo%2Caps%2C228&sr=8-7,237,325,3.7,976,Not available,Not available,Not available,Not available,Not available,Not available,Not available,Not available,Not available,Not available,Not available,Not available,Not available,Not available,Not available,Not available,Not available,Not available,Not available,Not available,Not available,Not available,Not available
"Beardo Beard Oil for men - Godfather Lite Beard and Moustache Oil | Non-Sticky, Light; Almond Oil, Aloe vera, Vitamin E; Shiny Nourished Beards, 30 ml",https://m.media-amazon.com/images/I/61YGPqnekfL._AC_UL320_.jpg,https://amazon.in/Beardo-Godfather-Lite-Beard-Moustache/dp/B01M1FWOKU/ref=sr_1_8?crid=1GEOQD3CN5U5L&keywords=beardo&qid=1680003702&sprefix=beardo%2Caps%2C228&sr=8-8,262,350,3.8,"12,432",Not available,Not available,Not available,Not available,Not available,Not available,Not available,Not available,Not available,Not available,Not available,Not available,Not available,Not available,Not available,Not available,Not available,Not available,Not available,Not available,Not available,Not available,Not available
"BEARDO De-Tan Face Wash For Men, 100ml | Reduces Tan For Glowing Complexion | Coffee Facewash | Dark Spot Reduction | Tan Removal Face Wash Men",https://m.media-amazon.com/images/I/61UPkEtwKCL._AC_UL320_.jpg,https://amazon.in/BEARDO-Tan-Facewash-Men-100/dp/B07QXCP5DH/ref=sr_1_9?crid=1GEOQD3CN5U5L&keywords=beardo&qid=1680003702&sprefix=beardo%2Caps%2C228&sr=8-9,275,275,3.9,"2,399",Not available,Not available,Not available,Not available,Not available,Not available,Not available,Not available,Not available,Not available,Not available,Not available,Not available,Not available,Not available,Not available,Not available,Not available,Not available,Not available,Not available,Not available,Not available
"Beardo Whisky Smoke Eau De Parfum Men Spicy, Woody - Oudh Perfume For Men Long Lasting, Date Night Fragrance Body Spray For Men, 100ml",https://m.media-amazon.com/images/I/619uYh6-rhL._AC_UL320_.jpg,https://amazon.in/Beardo-Whisky-Perfume-PARFUM-Lasting/dp/B096XV4HR4/ref=sr_1_10?crid=1GEOQD3CN5U5L&keywords=beardo&qid=1680003702&sprefix=beardo%2Caps%2C228&sr=8-10,540,"1,200",4.0,"9,628",Not available,Not available,Not available,Not available,Not available,Not available,Not available,Not available,Not available,Not available,Not available,Not available,Not available,Not available,Not available,Not available,Not available,Not available,Not available,Not available,Not available,Not available,Not available
"Beardo Activated Charcoal Anti Pollution Face Wash For Deep Pore Cleaning, 100ml | Charcoal Face Wash For Men | Acne Face Wash For Oily Skin",https://m.media-amazon.com/images/I/61yGONGkgTL._AC_UL320_.jpg,https://amazon.in/Beardo-Activated-Charcoal-Pollution-Control/dp/B071CMCRXG/ref=sr_1_11?crid=1GEOQD3CN5U5L&keywords=beardo&qid=1680003702&sprefix=beardo%2Caps%2C228&sr=8-11,200,275,3.9,"6,364",Not available,Not available,Not available,Not available,Not available,Not available,Not available,Not available,Not available,Not available,Not available,Not available,Not available,Not available,Not available,Not available,Not available,Not available,Not available,Not available,Not available,Not available,Not available
"Beardo De-Tan Body Wash for Men, 200ml | Tan Removal| Caffeine Body Wash | With Coffee & Aloe Extracts | For Body & Face | Refreshing Fragrance",https://m.media-amazon.com/images/I/51fJsKTuDRL._AC_UL320_.jpg,https://amazon.in/Beardo-Tan-Bodywash-Men-200/dp/B07XVQ1Q75/ref=sr_1_12?crid=1GEOQD3CN5U5L&keywords=beardo&qid=1680003702&sprefix=beardo%2Caps%2C228&sr=8-12,198,250,4.1,"1,611",Not available,Not available,Not available,Not available,Not available,Not available,Not available,Not available,Not available,Not available,Not available,Not available,Not available,Not available,Not available,Not available,Not available,Not available,Not available,Not available,Not available,Not available,Not available
"Beardo Ultraglow Face Wash for Men, 100ml | Brightens & Balances Skin Tone | Reduces Dark Spots | For oily to dry skin | Glowing & Radiant Skin",https://m.media-amazon.com/images/I/51hNf491T2L._AC_UL320_.jpg,https://amazon.in/Beardo-Ultraglow-Facewash-Made-India/dp/B082WT7CP6/ref=sr_1_13?crid=1GEOQD3CN5U5L&keywords=beardo&qid=1680003702&sprefix=beardo%2Caps%2C228&sr=8-13,245,350,4.0,"2,162",Not available,Not available,Not available,Not available,Not available,Not available,Not available,Not available,Not available,Not available,Not available,Not available,Not available,Not available,Not available,Not available,Not available,Not available,Not available,Not available,Not available,Not available,Not available
"Beardo Beard and Mustache Wax Extra Strong Hold | Beard Wax for Beard and mustache Styling | Gift for men, 50 gm",https://m.media-amazon.com/images/I/61wJbIOKZtL._AC_UL320_.jpg,https://amazon.in/Beardo-Beard-Mustache-Extra-Strong/dp/B07BZK6DG8/ref=sr_1_14?crid=1GEOQD3CN5U5L&keywords=beardo&qid=1680003702&sprefix=beardo%2Caps%2C228&sr=8-14,324,450,4.0,"1,891",Not available,Not available,Not available,Not available,Not available,Not available,Not available,Not available,Not available,Not available,Not available,Not available,Not available,Not available,Not available,Not available,Not available,Not available,Not available,Not available,Not available,Not available,Not available
Beardo Lip Lightener | Lightening and Brightening Dark Lips for Smokers | Lip Care for Dark & Chapped Lips | Long Lasting Lip Nourishment | 7 g,https://m.media-amazon.com/images/I/71jQnQ8yogL._AC_UL320_.jpg,https://amazon.in/BEARDO-Lip-Lightener-Men-Brown/dp/B07NJ6QTLC/ref=sr_1_15?crid=1GEOQD3CN5U5L&keywords=beardo&qid=1680003702&sprefix=beardo%2Caps%2C228&sr=8-15,389,550,3.7,"1,914",Not available,Not available,Not available,Not available,Not available,Not available,Not available,Not available,Not available,Not available,Not available,Not available,Not available,Not available,Not available,Not available,Not available,Not available,Not available,Not available,Not available,Not available,Not available
"Beardo Beard Serum, 50 ml | Daily use beard serum for men | Softens and Smoothes Rough Beard |Gives Beard Shine & Nourishes Beard",https://m.media-amazon.com/images/I/61WcPo4w76L._AC_UL320_.jpg,https://amazon.in/Beardo-Beard-Serum-Made-India/dp/B08CC65CPZ/ref=sr_1_16?crid=1GEOQD3CN5U5L&keywords=beardo&qid=1680003702&sprefix=beardo%2Caps%2C228&sr=8-16,238,399,4.1,854,Not available,Not available,Not available,Not available,Not available,Not available,Not available,Not available,Not available,Not available,Not available,Not available,Not available,Not available,Not available,Not available,Not available,Not available,Not available,Not available,Not available,Not available,Not available
Beardo Stronghold Hair Wax : Crystal Hair Wax | Hair Wax Men | Styling  Wax | Glossy Finish | Shine | Strong Hold | Hair Wax 100 gm,https://m.media-amazon.com/images/I/611uXPrVxYL._AC_UL320_.jpg,https://amazon.in/Beardo-Stronghold-Crystal-Glossy-Styling/dp/B098XR65MP/ref=sr_1_17?crid=1GEOQD3CN5U5L&keywords=beardo&qid=1680003702&sprefix=beardo%2Caps%2C228&sr=8-17,284,400,4.1,"1,131",Not available,Not available,Not available,Not available,Not available,Not available,Not available,Not available,Not available,Not available,Not available,Not available,Not available,Not available,Not available,Not available,Not available,Not available,Not available,Not available,Not available,Not available,Not available
"Beardo Activated Charcoal Peel Off Mask for Men | Blackhead Removal & Detox Mask | Fights Pollution, Dirt & Tan | Suitable for Sensitive Skin | 100 gm",https://m.media-amazon.com/images/I/617SwulgWFL._AC_UL320_.jpg,https://amazon.in/BEARDO-Activated-Charcoal-Peel-Mask/dp/B07D5TJ5D2/ref=sr_1_18?crid=1GEOQD3CN5U5L&keywords=beardo&qid=1680003702&sprefix=beardo%2Caps%2C228&sr=8-18,248,350,3.9,"6,011",Not available,Not available,Not available,Not available,Not available,Not available,Not available,Not available,Not available,Not available,Not available,Not available,Not available,Not available,Not available,Not available,Not available,Not available,Not available,Not available,Not available,Not available,Not available
"BEARDO Bubblegum Lip Balm for Men For Soft Kissable Lips (Pink, 7 g)",https://m.media-amazon.com/images/I/51YfcaO50oL._AC_UL320_.jpg,https://amazon.in/Bubblegum-Kissable-Cracked-Chapped-Protection/dp/B08PD4S9FG/ref=sr_1_19?crid=1GEOQD3CN5U5L&keywords=beardo&qid=1680003702&sprefix=beardo%2Caps%2C228&sr=8-19,175,250,4.0,"1,676",Not available,Not available,Not available,Not available,Not available,Not available,Not available,Not available,Not available,Not available,Not available,Not available,Not available,Not available,Not available,Not available,Not available,Not available,Not available,Not available,Not available,Not available,Not available
Beardo Assorted Premium Perfume Gift Set for Men 4X8ml | gift for brother | Ideal Gift Set for Men | Travel Pack with Whisky Smoke Godfather Dark Side and Black Musk Perfume | Pocket Perfume for Men,https://m.media-amazon.com/images/I/61wUZuQyXiL._AC_UL320_.jpg,https://amazon.in/Assorted-Premium-Perfume-Perfumes-Godfather/dp/B09XB14ZHQ/ref=sr_1_20?crid=1GEOQD3CN5U5L&keywords=beardo&qid=1680003702&sprefix=beardo%2Caps%2C228&sr=8-20,496,699,3.9,761,Not available,Not available,Not available,Not available,Not available,Not available,Not available,Not available,Not available,Not available,Not available,Not available,Not available,Not available,Not available,Not available,Not available,Not available,Not available,Not available,Not available,Not available,Not available
"Beardhood All Natural Mustache And Beard Wax For Strong Hold, Natural Musky Scent 30G",https://m.media-amazon.com/images/I/51OljAJG1SL._AC_UL320_.jpg,https://amazon.in/sspa/click?ie=UTF8&spc=MTo1ODM3MjA0ODUwOTA3Mjk6MTY4MDAwMzcwMjpzcF9tdGY6MjAwNDU5MTM5NzI0OTg6OjA6Og&url=%2FBeardhood-Natural-Mustache-Beard-Strong%2Fdp%2FB071HRNVX2%2Fref%3Dsr_1_21_sspa%3Fcrid%3D1GEOQD3CN5U5L%26keywords%3Dbeardo%26qid%3D1680003702%26sprefix%3Dbeardo%252Caps%252C228%26sr%3D8-21-spons%26sp_csd%3Dd2lkZ2V0TmFtZT1zcF9tdGY%26psc%3D1,299,400,3.8,"3,083",Not available,Not available,Not available,Not available,Not available,Not available,Not available,Not available,Not available,Not available,Not available,Not available,Not available,Not available,Not available,Not available,Not available,Not available,Not available,Not available,Not available,Not available,Not available
"The Man Company Advanced Beard Growth Oil for Men with Argan & Geranium | Nourishes and Strengthens Beard for Faster Growth | For Beard Softness, Shine & Patchy Beard – 30 ml",https://m.media-amazon.com/images/I/61y2jfw34QL._AC_UL320_.jpg,https://amazon.in/sspa/click?ie=UTF8&spc=MTo1ODM3MjA0ODUwOTA3Mjk6MTY4MDAwMzcwMjpzcF9tdGY6MjAxMzM5ODkzMzA0OTg6OjA6Og&url=%2FMan-Company-Beard-Moustache-Nourishment%2Fdp%2FB01J1KFVBM%2Fref%3Dsr_1_22_sspa%3Fcrid%3D1GEOQD3CN5U5L%26keywords%3Dbeardo%26qid%3D1680003702%26sprefix%3Dbeardo%252Caps%252C228%26sr%3D8-22-spons%26sp_csd%3Dd2lkZ2V0TmFtZT1zcF9tdGY%26psc%3D1,273,350,3.8,"1,624",Not available,Not available,Not available,Not available,Not available,Not available,Not available,Not available,Not available,Not available,Not available,Not available,Not available,Not available,Not available,Not available,Not available,Not available,Not available,Not available,Not available,Not available,Not available
"Blue Nectar Beard Oil for Men, Natural Moustache and Beard Growth Oil and Beard Softener for softer, dandruff free and itch free beard in Sandalwood & Orange Peel Aroma",https://m.media-amazon.com/images/I/5145w7i0gQL._AC_UL320_.jpg,https://amazon.in/sspa/click?ie=UTF8&spc=MTo1ODM3MjA0ODUwOTA3Mjk6MTY4MDAwMzcwMjpzcF9tdGY6MjAxMTY3Njc2Njg4OTg6OjA6Og&url=%2FBlue-Nectar-Ayurvedic-Moustache-Growth%2Fdp%2FB071P83YR4%2Fref%3Dsr_1_23_sspa%3Fcrid%3D1GEOQD3CN5U5L%26keywords%3Dbeardo%26qid%3D1680003702%26sprefix%3Dbeardo%252Caps%252C228%26sr%3D8-23-spons%26sp_csd%3Dd2lkZ2V0TmFtZT1zcF9tdGY%26psc%3D1,361,425,3.8,477,Not available,Not available,Not available,Not available,Not available,Not available,Not available,Not available,Not available,Not available,Not available,Not available,Not available,Not available,Not available,Not available,Not available,Not available,Not available,Not available,Not available,Not available,Not available
Mancode Beard Growth Oil | Fast Growth | Non Sticky Greasy | Thick Beard | Nourishment & Strengthening | Also for Patchy Dull Dry Beard | Suitable for All Hair Types 50ml (Pack of 1),https://m.media-amazon.com/images/I/61MnzU+ZTyL._AC_UL320_.jpg,https://amazon.in/sspa/click?ie=UTF8&spc=MTo1ODM3MjA0ODUwOTA3Mjk6MTY4MDAwMzcwMjpzcF9tdGY6MjAwNjU1MDM2MjMzMDM6OjA6Og&url=%2FMAN-CODE-Advanced-Cinnamon-Moustache%2Fdp%2FB093Q7FSLW%2Fref%3Dsr_1_24_sspa%3Fcrid%3D1GEOQD3CN5U5L%26keywords%3Dbeardo%26qid%3D1680003702%26sprefix%3Dbeardo%252Caps%252C228%26sr%3D8-24-spons%26sp_csd%3Dd2lkZ2V0TmFtZT1zcF9tdGY%26psc%3D1%26smid%3DA2SFMZ48XJLIKQ,199,499,3.5,90,Not available,Not available,Not available,Not available,Not available,Not available,Not available,Not available,Not available,Not available,Not available,Not available,Not available,Not available,Not available,Not available,Not available,Not available,Not available,Not available,Not available,Not available,Not available
"Beardo Hair Fall Control Shampoo for Men | Shampoo for men | Sulphate and Paraben Free Shampoo | Reduces Hairfall, Nourishes hair | 250 ml",https://m.media-amazon.com/images/I/51GVnyLhCjL._AC_UL320_.jpg,https://amazon.in/BEARDO-Hail-Control-Shampoo-250ml/dp/B06XTFJK1S/ref=sr_1_25?crid=1GEOQD3CN5U5L&keywords=beardo&qid=1680003702&sprefix=beardo%2Caps%2C228&sr=8-25,350,350,4.0,"3,677",Not available,Not available,Not available,Not available,Not available,Not available,Not available,Not available,Not available,Not available,Not available,Not available,Not available,Not available,Not available,Not available,Not available,Not available,Not available,Not available,Not available,Not available,Not available
"Beardo Beard Color For Men - Natural Black | Long Lasting | No Ammonia | Easy to apply, No Stain Beard Hair Colour for men | Skin Friendly Hair dye",https://m.media-amazon.com/images/I/61p2DEhyrAL._AC_UL320_.jpg,https://amazon.in/Beardo-Beard-Color-Men-Natural/dp/B07RTQWXNS/ref=sr_1_26?crid=1GEOQD3CN5U5L&keywords=beardo&qid=1680003702&sprefix=beardo%2Caps%2C228&sr=8-26,450,450,3.7,"1,535",Not available,Not available,Not available,Not available,Not available,Not available,Not available,Not available,Not available,Not available,Not available,Not available,Not available,Not available,Not available,Not available,Not available,Not available,Not available,Not available,Not available,Not available,Not available
"Beardo 2-in-1 Detan Toner + Serum for Men | Remove Tan, Dead Skin Cells & Blemishes with Alpha Arbutin | Reduce Hyperpigmentation & Correct Dark Spots | Tan Removal | Face Serum for Men",https://m.media-amazon.com/images/I/61coKGKEcRL._AC_UL320_.jpg,https://amazon.in/Blemishes-Arbutin-Hyperpigmentation-Correct-Removal/dp/B0BCWGMPC5/ref=sr_1_27_mod_primary_new?crid=1GEOQD3CN5U5L&keywords=beardo&qid=1680003702&sbo=RZvfv%2F%2FHxDF%2BO5021pAnSA%3D%3D&sprefix=beardo%2Caps%2C228&sr=8-27,449465,550₹550,4.2,80,Not available,Not available,Not available,Not available,Not available,Not available,Not available,Not available,Not available,Not available,Not available,Not available,Not available,Not available,Not available,Not available,Not available,Not available,Not available,Not available,Not available,Not available,Not available
Beardo Dandruff Control Sulphate Free Shampoo | Anti Dandruff Shampoo | Shampoo for men | Sulphate and Paraben Free Shampoo | 200 ml,https://m.media-amazon.com/images/I/51wdbJgcB0L._AC_UL320_.jpg,https://amazon.in/Dandruff-Control-Sulphate-Free-Shampoo/dp/B09QWTJR3K/ref=sr_1_28?crid=1GEOQD3CN5U5L&keywords=beardo&qid=1680003702&sprefix=beardo%2Caps%2C228&sr=8-28,299,399,3.9,225,Not available,Not available,Not available,Not available,Not available,Not available,Not available,Not available,Not available,Not available,Not available,Not available,Not available,Not available,Not available,Not available,Not available,Not available,Not available,Not available,Not available,Not available,Not available
Beardo Keratin Shampoo | Keratin Shampoo for men | Shampoo for Hair Growth & Damage Control | 300 ml,https://m.media-amazon.com/images/I/51fovmEceJL._AC_UL320_.jpg,https://amazon.in/Beardo-Keratin-Shampoo-Growth-Control/dp/B07DNYC7D5/ref=sr_1_29?crid=1GEOQD3CN5U5L&keywords=beardo&qid=1680003702&sprefix=beardo%2Caps%2C228&sr=8-29,526,750,3.9,616,Not available,Not available,Not available,Not available,Not available,Not available,Not available,Not available,Not available,Not available,Not available,Not available,Not available,Not available,Not available,Not available,Not available,Not available,Not available,Not available,Not available,Not available,Not available
Beardo DD Face Cream for Men | Daily Defence from Pollution | Non-tinted Face Cream | Ultralight Cold Cream | Everyday Skin Care | 50g,https://m.media-amazon.com/images/I/61xfnMLJ0iL._AC_UL320_.jpg,https://amazon.in/Face-Cream-Daily-Defence-Non-tinted/dp/B0BJVV13P9/ref=sr_1_30?crid=1GEOQD3CN5U5L&keywords=beardo&qid=1680003702&sprefix=beardo%2Caps%2C228&sr=8-30,299,399,4.8,73,Not available,Not available,Not available,Not available,Not available,Not available,Not available,Not available,Not available,Not available,Not available,Not available,Not available,Not available,Not available,Not available,Not available,Not available,Not available,Not available,Not available,Not available,Not available
Beardo Onion Oil Concentrate | Onion Hair Oil for Hair Growth | Red Onion Hair Oil | Natural | Non-sticky | Controls Hairfall | 25 ml,https://m.media-amazon.com/images/I/51SG2ZfueOL._AC_UL320_.jpg,https://amazon.in/Beardo-Onion-Concentrate-Growth-Control/dp/B08665CTBS/ref=sr_1_31?crid=1GEOQD3CN5U5L&keywords=beardo&qid=1680003702&sprefix=beardo%2Caps%2C228&sr=8-31,247,399,3.9,"1,867",Not available,Not available,Not available,Not available,Not available,Not available,Not available,Not available,Not available,Not available,Not available,Not available,Not available,Not available,Not available,Not available,Not available,Not available,Not available,Not available,Not available,Not available,Not available
"Beardo 2-in-1 Vitamin C Toner + Serum 15% Vitamin C Face Serum For Bright & Glowing Skin Hyaluronic Acid 15% Ascorbic Acid For Hyperpigmentation For Men, 30ml",https://m.media-amazon.com/images/I/61mdUbF+0iL._AC_UL320_.jpg,https://amazon.in/Vitamin-Glowing-Hyaluronic-Ascorbic-Hyperpigmentation/dp/B0BCWFYZYR/ref=sr_1_32?crid=1GEOQD3CN5U5L&keywords=beardo&qid=1680003702&sprefix=beardo%2Caps%2C228&sr=8-32,399,550,3.7,62,Not available,Not available,Not available,Not available,Not available,Not available,Not available,Not available,Not available,Not available,Not available,Not available,Not available,Not available,Not available,Not available,Not available,Not available,Not available,Not available,Not available,Not available,Not available
"Beardo Ball Sack Spray For Fresh, Clean and Dry Balls | Intimate Hygiene Body Spray for Men; Prevents Odor, itch | Strictly for men Gift for men 50ml",https://m.media-amazon.com/images/I/61JOYoKofKL._AC_UL320_.jpg,https://amazon.in/Intimate-Perfume-Prevents-irritation-private/dp/B09KH93NKW/ref=sr_1_33?crid=1GEOQD3CN5U5L&keywords=beardo&qid=1680003702&sprefix=beardo%2Caps%2C228&sr=8-33,299,399,4.0,436,Not available,Not available,Not available,Not available,Not available,Not available,Not available,Not available,Not available,Not available,Not available,Not available,Not available,Not available,Not available,Not available,Not available,Not available,Not available,Not available,Not available,Not available,Not available
Beardo Hair Thickening Sulphate free Shampoo | Shampoo for men | Sulphate and Paraben Free Shampoo | For Strong & Thick Hair | 200 ml,https://m.media-amazon.com/images/I/51PuxJeuQGL._AC_UL320_.jpg,https://amazon.in/Thickening-Sulphate-Shampoo-Keratin-Palmetto/dp/B09QX4FY1V/ref=sr_1_34?crid=1GEOQD3CN5U5L&keywords=beardo&qid=1680003702&sprefix=beardo%2Caps%2C228&sr=8-34,296,399,4.0,481,Not available,Not available,Not available,Not available,Not available,Not available,Not available,Not available,Not available,Not available,Not available,Not available,Not available,Not available,Not available,Not available,Not available,Not available,Not available,Not available,Not available,Not available,Not available
Beardo Max Volume Powder Wax 10 gm | Matte Finish | Strong Hold | Restylable | Hair Styling Wax | Hair Wax Powder For Men,https://m.media-amazon.com/images/I/71O2Ok4nGLL._AC_UL320_.jpg,https://amazon.in/Max-Powder-Wax-Restylable-Styling/dp/B0B7WN3GFF/ref=sr_1_35?crid=1GEOQD3CN5U5L&keywords=beardo&qid=1680003702&sprefix=beardo%2Caps%2C228&sr=8-35,319,399,4.0,134,Not available,Not available,Not available,Not available,Not available,Not available,Not available,Not available,Not available,Not available,Not available,Not available,Not available,Not available,Not available,Not available,Not available,Not available,Not available,Not available,Not available,Not available,Not available
Beardo Ultraglow Body Lotion for Men's Skin | Intense Hydration for Winter | Ultra-light Weight & Instant Absorption | Heals & Repairs Skin | 250 ml,https://m.media-amazon.com/images/I/51CdrFxKJ+L._AC_UL320_.jpg,https://amazon.in/Ultraglow-Intense-Hydration-Absorbs-Instantly/dp/B09MJ4L2MM/ref=sr_1_36?crid=1GEOQD3CN5U5L&keywords=beardo&qid=1680003702&sprefix=beardo%2Caps%2C228&sr=8-36,159,399,4.1,116,Not available,Not available,Not available,Not available,Not available,Not available,Not available,Not available,Not available,Not available,Not available,Not available,Not available,Not available,Not available,Not available,Not available,Not available,Not available,Not available,Not available,Not available,Not available
Beardo Mustache Growth Roll On - 8 ml with with Almond and Coconut Oils | Promotes hair growth | Stimulates Hair Follicles | Easy to use,https://m.media-amazon.com/images/I/61FR6Mh5PFL._AC_UL320_.jpg,https://amazon.in/BEARDO-Beardo-Mustache-Growth-Roll/dp/B01EFLKOC8/ref=sr_1_37?crid=1GEOQD3CN5U5L&keywords=beardo&qid=1680003702&sprefix=beardo%2Caps%2C228&sr=8-37,183,245,3.5,"2,645",Not available,Not available,Not available,Not available,Not available,Not available,Not available,Not available,Not available,Not available,Not available,Not available,Not available,Not available,Not available,Not available,Not available,Not available,Not available,Not available,Not available,Not available,Not available
"Beardo Brightening Under Eye Cream for Men | Reduce Dark Circles, Wrinkles & Fine Lines | Lock Skin's Youthful Glow | 20ml",https://m.media-amazon.com/images/I/61kfIRjzR7L._AC_UL320_.jpg,https://amazon.in/Naturals-Brightening-wrinkles-Restores-youthful/dp/B096XFDHBY/ref=sr_1_38?crid=1GEOQD3CN5U5L&keywords=beardo&qid=1680003702&sprefix=beardo%2Caps%2C228&sr=8-38,225,350,3.5,671,Not available,Not available,Not available,Not available,Not available,Not available,Not available,Not available,Not available,Not available,Not available,Not available,Not available,Not available,Not available,Not available,Not available,Not available,Not available,Not available,Not available,Not available,Not available
BEARDO Ice Blast Cooling Facewash for Men| INSTANT Icy freshness | Menthol | With cool lock technology | 100 ml,https://m.media-amazon.com/images/I/61bwb8A-z2L._AC_UL320_.jpg,https://amazon.in/BEARDO-Menthol-Facewash-designed-technology/dp/B09WK8TGKN/ref=sr_1_39?crid=1GEOQD3CN5U5L&keywords=beardo&qid=1680003702&sprefix=beardo%2Caps%2C228&sr=8-39,205,275,4.2,269,Not available,Not available,Not available,Not available,Not available,Not available,Not available,Not available,Not available,Not available,Not available,Not available,Not available,Not available,Not available,Not available,Not available,Not available,Not available,Not available,Not available,Not available,Not available
Beardo Tattoo Shiner Hydro Gel | Instant Shine & Brightness | Heals & Maintains Tattooed Skin | 50 g,https://m.media-amazon.com/images/I/61E4xUqH6wL._AC_UL320_.jpg,https://amazon.in/Beardo-Tattoo-Shiner-Gel-50/dp/B07Y2FFXZS/ref=sr_1_40?crid=1GEOQD3CN5U5L&keywords=beardo&qid=1680003702&sprefix=beardo%2Caps%2C228&sr=8-40,253,350,4.2,"1,524",Not available,Not available,Not available,Not available,Not available,Not available,Not available,Not available,Not available,Not available,Not available,Not available,Not available,Not available,Not available,Not available,Not available,Not available,Not available,Not available,Not available,Not available,Not available
Beardo Strong Hold Hair Spray | Hair Spray for Men | Hair Styling | Hair Setting Spray | Hair Fixing Spray | Strong Hold | Natural Shine | 192 ml,https://m.media-amazon.com/images/I/61goq4YcL4L._AC_UL320_.jpg,https://amazon.in/Beardo-Strong-Hold-Spray-180ml/dp/B07QBCBZ4R/ref=sr_1_41?crid=1GEOQD3CN5U5L&keywords=beardo&qid=1680003702&sprefix=beardo%2Caps%2C228&sr=8-41,333,450,4.0,"2,283",Not available,Not available,Not available,Not available,Not available,Not available,Not available,Not available,Not available,Not available,Not available,Not available,Not available,Not available,Not available,Not available,Not available,Not available,Not available,Not available,Not available,Not available,Not available
Beardo Ice Blast Hair Cream | Hair Cream for men | Hair Styling Ceam | Daily Styling | Cooling Cream | Cool Lock Technology | 75 gm,https://m.media-amazon.com/images/I/51oE4ZwEFsL._AC_UL320_.jpg,https://amazon.in/Ice-Blast-Hair-Cream-technology/dp/B09VGQMF45/ref=sr_1_42?crid=1GEOQD3CN5U5L&keywords=beardo&qid=1680003702&sprefix=beardo%2Caps%2C228&sr=8-42,243,299,4.1,96,Not available,Not available,Not available,Not available,Not available,Not available,Not available,Not available,Not available,Not available,Not available,Not available,Not available,Not available,Not available,Not available,Not available,Not available,Not available,Not available,Not available,Not available,Not available
"Beardo Charcoal 4-in-1 Giftset for Men | Complete Face & Body kit, pack of 4 (Facewash, Peel-off mask, Scrub, Soap) | Gift For Men | Gift for Husband",https://m.media-amazon.com/images/I/612MLubajLL._AC_UL320_.jpg,https://amazon.in/Charcoal-Complete-Face-Body-Facewash/dp/B0BDV8LKZL/ref=sr_1_43?crid=1GEOQD3CN5U5L&keywords=beardo&qid=1680003702&sprefix=beardo%2Caps%2C228&sr=8-43,589,648,4.3,52,Not available,Not available,Not available,Not available,Not available,Not available,Not available,Not available,Not available,Not available,Not available,Not available,Not available,Not available,Not available,Not available,Not available,Not available,Not available,Not available,Not available,Not available,Not available
"Beardo Don Most Wanted Perfume Body Spray | Long Lasting No Gas Deo For Men | Aqua, Citrus, Musk Notes |Body Spray Perfume for Men, 120ml",https://m.media-amazon.com/images/I/51Bk3kXLCiL._AC_UL320_.jpg,https://amazon.in/Perfume-Aquatic-Lasting-Deodorant-Deodrant/dp/B09KHF2BVD/ref=sr_1_44?crid=1GEOQD3CN5U5L&keywords=beardo&qid=1680003702&sprefix=beardo%2Caps%2C228&sr=8-44,240,349,4.0,253,Not available,Not available,Not available,Not available,Not available,Not available,Not available,Not available,Not available,Not available,Not available,Not available,Not available,Not available,Not available,Not available,Not available,Not available,Not available,Not available,Not available,Not available,Not available
Beardo Hair Thickening Hemp Miracle Hair Oil | Hair Oil for Men | Hemp Oil | Light Hair Oil for Daily Hair Styling | Non-Sticky | 100 ml,https://m.media-amazon.com/images/I/61fuA0wuMhL._AC_UL320_.jpg,https://amazon.in/Oil-Non-Sticky-Thickening-Strengthening-Hemp/dp/B09JZ73DRM/ref=sr_1_45?crid=1GEOQD3CN5U5L&keywords=beardo&qid=1680003702&sprefix=beardo%2Caps%2C228&sr=8-45,187,399,4.0,539,Not available,Not available,Not available,Not available,Not available,Not available,Not available,Not available,Not available,Not available,Not available,Not available,Not available,Not available,Not available,Not available,Not available,Not available,Not available,Not available,Not available,Not available,Not available
Beardo Hair Growth Vitalizer Shampoo | Shampoo for Men | Promotes Hair Growth | Sulphate and Paraben Free Shampoo | Hair Fall Control Shampoo | 200 ml,https://m.media-amazon.com/images/I/51VfvAxCXdL._AC_UL320_.jpg,https://amazon.in/Hair-Growth-Vitalizer-Shampoo-Promotes/dp/B09QXLRRXY/ref=sr_1_46?crid=1GEOQD3CN5U5L&keywords=beardo&qid=1680003702&sprefix=beardo%2Caps%2C228&sr=8-46,449,449,4.0,438,Not available,Not available,Not available,Not available,Not available,Not available,Not available,Not available,Not available,Not available,Not available,Not available,Not available,Not available,Not available,Not available,Not available,Not available,Not available,Not available,Not available,Not available,Not available
Beardo Xxtra Stronghold Hair Wax | Crystal Hair Wax | Hair Wax Men | Glossy Finish | Shine |Extra Strong Hold | Styling Wax | 100 Gm,https://m.media-amazon.com/images/I/61EsCE1wtpL._AC_UL320_.jpg,https://amazon.in/Beardo-XXtra-Stronghold-Crystal-stylish/dp/B08NCW98RQ/ref=sr_1_47?crid=1GEOQD3CN5U5L&keywords=beardo&qid=1680003702&sprefix=beardo%2Caps%2C228&sr=8-47,276,400,4.0,"3,070",Not available,Not available,Not available,Not available,Not available,Not available,Not available,Not available,Not available,Not available,Not available,Not available,Not available,Not available,Not available,Not available,Not available,Not available,Not available,Not available,Not available,Not available,Not available
"Beardo Hair Clay Wax for Men, 100gm | Hair Clay for men | Styling Wax | Volumizing | Strong Hold | Restylable | Matte Finish | Hair Wax for Men | Easy to Wash Off",https://m.media-amazon.com/images/I/61UtPSggNvL._AC_UL320_.jpg,https://amazon.in/Beardo-Finish-Strong-Re-stylable-professionals/dp/B08PSVM1V8/ref=sr_1_48?crid=1GEOQD3CN5U5L&keywords=beardo&qid=1680003702&sprefix=beardo%2Caps%2C228&sr=8-48,272,425,3.9,"1,797",Not available,Not available,Not available,Not available,Not available,Not available,Not available,Not available,Not available,Not available,Not available,Not available,Not available,Not available,Not available,Not available,Not available,Not available,Not available,Not available,Not available,Not available,Not available
"Beardo Aloevera Face Wash for Men, 100ml | For Skin Hydrating | Soap Free Facewash | Removes excess oil",https://m.media-amazon.com/images/I/61OXCCjyrfL._AC_UL320_.jpg,https://amazon.in/Beardo-Aloevera-Hydrating-Facewash-Removes/dp/B094J68Q91/ref=sr_1_49?crid=1GEOQD3CN5U5L&keywords=beardo&qid=1680003702&sprefix=beardo%2Caps%2C228&sr=8-49,193,299,4.1,314,Not available,Not available,Not available,Not available,Not available,Not available,Not available,Not available,Not available,Not available,Not available,Not available,Not available,Not available,Not available,Not available,Not available,Not available,Not available,Not available,Not available,Not available,Not available
"Beardo Activated Charcoal Anti-Pollution Face Scrub for Deep Pore Cleansing, 100 gm | Removes Dirt & Impurities | Suitable for Men of all skin types",https://m.media-amazon.com/images/I/61Fpess4GuL._AC_UL320_.jpg,https://amazon.in/Activated-Charcoal-Anti-Pollution-Cleaning-Impurities/dp/B09HQXJ59T/ref=sr_1_50?crid=1GEOQD3CN5U5L&keywords=beardo&qid=1680003702&sprefix=beardo%2Caps%2C228&sr=8-50,238,350,4.1,129,Not available,Not available,Not available,Not available,Not available,Not available,Not available,Not available,Not available,Not available,Not available,Not available,Not available,Not available,Not available,Not available,Not available,Not available,Not available,Not available,Not available,Not available,Not available
"Beardo Whisky Smoke Perfume Body Spray for Men 120ml | Spicy, Woody - Oudh No Gas Deo for Men Long Lasting |Date night Deodorant for Men |Gift for men",https://m.media-amazon.com/images/I/51GIH60OMvL._AC_UL320_.jpg,https://amazon.in/BEARDO-Perfume-Deodorant-Spicy-Oudh-Lasting/dp/B09RPJDQ47/ref=sr_1_51?crid=1GEOQD3CN5U5L&keywords=beardo&qid=1680003702&sprefix=beardo%2Caps%2C228&sr=8-51,234,349,4.0,290,Not available,Not available,Not available,Not available,Not available,Not available,Not available,Not available,Not available,Not available,Not available,Not available,Not available,Not available,Not available,Not available,Not available,Not available,Not available,Not available,Not available,Not available,Not available
"Beardo Ultraglow Face Cream with SPF30,Dark Spot Reduction Cream, 60gm and Ultraglow Face Wash, Glowing and Radiant Skin 100ml (Pack of 2)",https://m.media-amazon.com/images/I/41hF5uy1kcL._AC_UL320_.jpg,https://amazon.in/Beardo-Ultraglow-Reduction-Glowing-Radiant/dp/B09NKSTL2F/ref=sr_1_52?crid=1GEOQD3CN5U5L&keywords=beardo&qid=1680003702&sprefix=beardo%2Caps%2C228&sr=8-52,540,675,4.1,78,Not available,Not available,Not available,Not available,Not available,Not available,Not available,Not available,Not available,Not available,Not available,Not available,Not available,Not available,Not available,Not available,Not available,Not available,Not available,Not available,Not available,Not available,Not available
Beardo Beast Power Perfume Roll On 50ml,https://m.media-amazon.com/images/I/61GelE5ObpL._AC_UL320_.jpg,https://amazon.in/Beardo-Beast-Power-Perfume-Roll/dp/B0BV2XJYQ3/ref=sr_1_53?crid=1GEOQD3CN5U5L&keywords=beardo&qid=1680003702&sprefix=beardo%2Caps%2C228&sr=8-53,299,299,4.0,9,Not available,Not available,Not available,Not available,Not available,Not available,Not available,Not available,Not available,Not available,Not available,Not available,Not available,Not available,Not available,Not available,Not available,Not available,Not available,Not available,Not available,Not available,Not available
"Beardo Black Musk Eau De Parfum For Men, Musky, Woody Perfume, Long Lasting, Date Night Fragrance, Body Spray, 100ml",https://m.media-amazon.com/images/I/515kevxLjJL._AC_UL320_.jpg,https://amazon.in/Beardo-Black-Perfume-PERFUM-Lasting/dp/B09B57R6W6/ref=sr_1_54?crid=1GEOQD3CN5U5L&keywords=beardo&qid=1680003702&sprefix=beardo%2Caps%2C228&sr=8-54,571,"1,200",3.7,"1,648",Not available,Not available,Not available,Not available,Not available,Not available,Not available,Not available,Not available,Not available,Not available,Not available,Not available,Not available,Not available,Not available,Not available,Not available,Not available,Not available,Not available,Not available,Not available
"Beardo Origin Perfume For Men, 100 ml | EAU DE PARFUM | Long Lasting Perfume for Men | Strong Aqua and Musky Tones | Ideal Gift For Men | Gift for Husband and Boyfriend",https://m.media-amazon.com/images/I/61Wp5wqM0NL._AC_UL320_.jpg,https://amazon.in/Beardo-Origin-Perfume-Men-100/dp/B07PWQFRD2/ref=sr_1_55?crid=1GEOQD3CN5U5L&keywords=beardo&qid=1680003702&sprefix=beardo%2Caps%2C228&sr=8-55,551,"1,200",3.8,"1,392",Not available,Not available,Not available,Not available,Not available,Not available,Not available,Not available,Not available,Not available,Not available,Not available,Not available,Not available,Not available,Not available,Not available,Not available,Not available,Not available,Not available,Not available,Not available
"Beardo Turmeric Facewash for Men, 100 gm | Made in India",https://m.media-amazon.com/images/I/51EynmaPK7L._AC_UL320_.jpg,https://amazon.in/Beardo-Turmeric-Facewash-Men-100/dp/B081XC7HZ2/ref=sr_1_56?crid=1GEOQD3CN5U5L&keywords=beardo&qid=1680003702&sprefix=beardo%2Caps%2C228&sr=8-56,250,250,3.9,461,Not available,Not available,Not available,Not available,Not available,Not available,Not available,Not available,Not available,Not available,Not available,Not available,Not available,Not available,Not available,Not available,Not available,Not available,Not available,Not available,Not available,Not available,Not available
7 Days 100% Result Beard oil for men smooth shine stronger beard hair 30ml,https://m.media-amazon.com/images/I/81qGwN7i2vL._AC_UL320_.jpg,https://amazon.in/sspa/click?ie=UTF8&spc=MTo1ODM3MjA0ODUwOTA3Mjk6MTY4MDAwMzcwMjpzcF9idGY6MjAwNjQ5MDA0NDY2OTg6OjA6Og&url=%2FDays-100-Result-Beard-Hair%2Fdp%2FB08FDY7BS3%2Fref%3Dsr_1_57_sspa%3Fcrid%3D1GEOQD3CN5U5L%26keywords%3Dbeardo%26qid%3D1680003702%26sprefix%3Dbeardo%252Caps%252C228%26sr%3D8-57-spons%26sp_csd%3Dd2lkZ2V0TmFtZT1zcF9idGY%26psc%3D1,208,399,3.9,209,Not available,Not available,Not available,Not available,Not available,Not available,Not available,Not available,Not available,Not available,Not available,Not available,Not available,Not available,Not available,Not available,Not available,Not available,Not available,Not available,Not available,Not available,Not available
Spruce Shave Club Beard Oil For Beard Growth (30ml) - Cedarwood & Mandarin - 9 Natural Oils For Beard Growth,https://m.media-amazon.com/images/I/61v00olKmqL._AC_UL320_.jpg,https://amazon.in/sspa/click?ie=UTF8&spc=MTo1ODM3MjA0ODUwOTA3Mjk6MTY4MDAwMzcwMjpzcF9idGY6MjAxMjQ3OTMzNTU3OTg6OjA6Og&url=%2FSpruce-Shave-Club-Beard-Growth%2Fdp%2FB07DS4X5JQ%2Fref%3Dsr_1_58_sspa%3Fcrid%3D1GEOQD3CN5U5L%26keywords%3Dbeardo%26qid%3D1680003702%26sprefix%3Dbeardo%252Caps%252C228%26sr%3D8-58-spons%26sp_csd%3Dd2lkZ2V0TmFtZT1zcF9idGY%26psc%3D1,235,349,3.7,"1,751",Not available,Not available,Not available,Not available,Not available,Not available,Not available,Not available,Not available,Not available,Not available,Not available,Not available,Not available,Not available,Not available,Not available,Not available,Not available,Not available,Not available,Not available,Not available
"Hajamat Organic Beard Oil Infused With 11 Nourishing Oils, 30 Ml| Intense Oud Fragrance| Non-Sticky & Light for fuller and patch free beard| Eliminates dryness and itchiness| Helps in Beard Growth",https://m.media-amazon.com/images/I/61GzrDVmzxL._AC_UL320_.jpg,https://amazon.in/sspa/click?ie=UTF8&spc=MTo1ODM3MjA0ODUwOTA3Mjk6MTY4MDAwMzcwMjpzcF9idGY6MjAxMDg0ODg4MTIwOTg6OjA6Og&url=%2FHajamat-Organic-Beard-Infused-Nourishing%2Fdp%2FB08Q3ZD3HR%2Fref%3Dsr_1_59_sspa%3Fcrid%3D1GEOQD3CN5U5L%26keywords%3Dbeardo%26qid%3D1680003702%26sprefix%3Dbeardo%252Caps%252C228%26sr%3D8-59-spons%26sp_csd%3Dd2lkZ2V0TmFtZT1zcF9idGY%26psc%3D1,249,399,3.9,68,Not available,Not available,Not available,Not available,Not available,Not available,Not available,Not available,Not available,Not available,Not available,Not available,Not available,Not available,Not available,Not available,Not available,Not available,Not available,Not available,Not available,Not available,Not available
Dr.Vedic Beard Hair Growth Oil For Faster Beard Growth And Thicker Looking Beard | Beard Oil for Patchy And Uneven Beard (30ML) (Pack of 1),https://m.media-amazon.com/images/I/71v1DA19i0L._AC_UL320_.jpg,https://amazon.in/sspa/click?ie=UTF8&spc=MTo1ODM3MjA0ODUwOTA3Mjk6MTY4MDAwMzcwMjpzcF9idGY6MjAwMjA4MTY4NzQ3OTg6OjA6Og&url=%2FDr-Vedic-Growth-Faster-Thicker-Looking%2Fdp%2FB09NBWPKFT%2Fref%3Dsr_1_60_sspa%3Fcrid%3D1GEOQD3CN5U5L%26keywords%3Dbeardo%26qid%3D1680003702%26sprefix%3Dbeardo%252Caps%252C228%26sr%3D8-60-spons%26sp_csd%3Dd2lkZ2V0TmFtZT1zcF9idGY%26psc%3D1,349,699,4.3,221,Not available,Not available,Not available,Not available,Not available,Not available,Not available,Not available,Not available,Not available,Not available,Not available,Not available,Not available,Not available,Not available,Not available,Not available,Not available,Not available,Not available,Not available,Not available
